Datetime,Maximum/Composite_radar_reflectivity_0,unknown_0,Vertically-integrated_liquid_0,Visibility_0,Derived_radar_reflectivity_1000,Derived_radar_reflectivity_4000,Derived_radar_reflectivity_263,Wind_speed_(gust)_0,U_component_of_wind_250,V_component_of_wind_250,U_component_of_wind_300,V_component_of_wind_300,Geopotential_height_500,Temperature_500,Dew_point_temperature_500,U_component_of_wind_500,V_component_of_wind_500,Geopotential_height_700,Temperature_700,Dew_point_temperature_700,Geometric_vertical_velocity_700,U_component_of_wind_700,V_component_of_wind_700,Geopotential_height_850,Temperature_850,Dew_point_temperature_850,U_component_of_wind_850,V_component_of_wind_850,Temperature_925,Dew_point_temperature_925,U_component_of_wind_925,V_component_of_wind_925,Temperature_1000,Dew_point_temperature_1000,U_component_of_wind_1000,V_component_of_wind_1000,unknown_10000,Geometric_vertical_velocity_1,MSLP_(MAPS_System_Reduction)_0,Geopotential_height_1000,unknown_1000,unknown_5000,unknown_2000,unknown_3000,Time-maximum_vorticity_(relative)_2000,Time-maximum_vorticity_(relative)_1000,Hail_0,unknown_1,unknown_2,Lightning_0,U_component_of_wind_80,V_component_of_wind_80,Surface_pressure_0,Orography_0,Temperature_0,Moisture_availability_0,Plant_canopy_surface_water_0,Water_equivalent_of_accumulated_snow_depth_(deprecated)_0,Snow_cover_0,Snow_depth_0,2_metre_temperature_2,Potential_temperature_2,2_metre_specific_humidity_2,2_metre_dewpoint_temperature_2,2_metre_relative_humidity_2,unknown_8,10_metre_U_wind_component_10,10_metre_V_wind_component_10,Time-maximum_10_metre_wind_speed_10,unknown_10,Percent_frozen_precipitation_0,Precipitation_rate_0,Total_Precipitation_0,Freezing_Rain_0,Storm_surface_runoff_0,Baseflow-groundwater_runoff_0,Categorical_snow_0,Categorical_ice_pellets_0,Categorical_freezing_rain_0,Categorical_rain_0,Forecast_surface_roughness_0,Frictional_velocity_0,Instantaneous_surface_sensible_heat_net_flux_0,Surface_latent_heat_net_flux_0,Vegetation_0,Leaf_Area_Index_0,Ground_heat_flux_0,Vegetation_Type_0,Surface_lifted_index_500,Convective_available_potential_energy_0,Convective_inhibition_0,Precipitable_water_0,Total_Cloud_Cover_0,Low_cloud_cover_0,Medium_cloud_cover_0,High_cloud_cover_0,Geopotential_height_0,Pressure_at_cloud_base_0,Pressure_0,Surface_downward_short-wave_radiation_flux_0,Surface_downward_long-wave_radiation_flux_0,Surface_upward_short-wave_radiation_flux_0,Surface_upward_long-wave_radiation_flux_0,Cloud_Forcing_Net_Solar_Flux_0,Visible_Beam_Downward_Solar_Flux_0,Visible_Diffuse_Downward_Solar_Flux_0,Storm_relative_helicity_3000,Storm_relative_helicity_1000,U-component_storm_motion_0,V-component_storm_motion_0,Vertical_u-component_shear_0,Vertical_v-component_shear_0,Relative_humidity_0,Geopotential_height_263,Geopotential_height_253,Best_(4-layer)_lifted_index_18000,Convective_available_potential_energy_18000,Convective_inhibition_18000,Boundary_layer_height_0,Convective_available_potential_energy_9000,Convective_inhibition_9000,Convective_available_potential_energy_25500,Convective_inhibition_25500,Pressure_of_level_from_which_parcel_was_lifted_25500,Layer_Thickness_261,Land-sea_mask_0,Sea_ice_area_fraction_0,Simulated_Brightness_Temperature_for_GOES_12,_Channel_3_0,Simulated_Brightness_Temperature_for_GOES_12,_Channel_4_0,Simulated_Brightness_Temperature_for_GOES_11,_Channel_3_0,Simulated_Brightness_Temperature_for_GOES_11,_Channel_4_0
datetime,refc_0,unknown_0,veril_0,vis_0,refd_1000,refd_4000,refd_263,gust_0,u_250,v_250,u_300,v_300,gh_500,t_500,dpt_500,u_500,v_500,gh_700,t_700,dpt_700,wz_700,u_700,v_700,gh_850,t_850,dpt_850,u_850,v_850,t_925,dpt_925,u_925,v_925,t_1000,dpt_1000,u_1000,v_1000,unknown_10000,wz_1,mslma_0,gh_1000,unknown_1000,unknown_5000,unknown_2000,unknown_3000,max_vo_2000,max_vo_1000,hail_0,unknown_1,unknown_2,ltng_0,u_80,v_80,sp_0,orog_0,t_0,mstav_0,cnwat_0,sdwe_0,snowc_0,sde_0,2t_2,pt_2,2sh_2,2d_2,2r_2,unknown_8,10u_10,10v_10,max_10si_10,unknown_10,cpofp_0,prate_0,tp_0,frzr_0,ssrun_0,bgrun_0,csnow_0,cicep_0,cfrzr_0,crain_0,fsr_0,fricv_0,ishf_0,slhtf_0,veg_0,lai_0,gflux_0,vgtyp_0,lftx_500,cape_0,cin_0,pwat_0,tcc_0,lcc_0,mcc_0,hcc_0,gh_0,pcdb_0,pres_0,sdswrf_0,sdlwrf_0,suswrf_0,sulwrf_0,cfnsf_0,vbdsf_0,vddsf_0,hlcy_3000,hlcy_1000,ustm_0,vstm_0,vucsh_0,vvcsh_0,r_0,gh_263,gh_253,4lftx_18000,cape_18000,cin_18000,blh_0,cape_9000,cin_9000,cape_25500,cin_25500,plpl_25500,layth_261,lsm_0,ci_0,SBT123_0,SBT124_0,SBT113_0,SBT114_0
2025-01-29 00:00:00,-9.0350998954933,37.598935826797074,0.001517465741380822,35124.893223126266,-9.459690188285277,-9.826504770513049,0.2992041665157592,7.22849326053984,31.770448366344915,-2.6730022081325866,28.697869431853423,-2.3837898569715494,5585.704605498861,254.76774637760553,236.01908596554,18.9233644226605,-3.199485740380115,2997.3464033974083,270.34790563958035,251.7385238903445,0.0031364396053290785,11.746191445697958,-3.187785108692892,1439.7509796461331,276.856181769514,263.6152786489162,7.263152797276572,-1.3569266987254545,279.671565990109,269.98071646296773,4.635427563409943,-0.36986456834765236,283.7883170221656,274.0906973974498,2.0836568252853676,-0.7238267456641079,-0.006459940874823748,0.015843528785262732,101208.86907530729,101.361393578334,0.28833797603431977,0.0,0.0,0.0,0.0,0.0,0.0,0.0,0.0006330282115601943,0.0,3.132231086642603,-0.5821263991259659,95881.5935093518,476.70417641761594,280.7687251712239,57.77597190969067,0.031521551423228,0.0,21.760346871963808,0.04659804339941244,280.53956352182837,284.19150911718214,0.004845622418498159,272.51778438864886,58.34137436546692,5.133187727312575e-10,1.9733586763401063,-0.6947316804468928,4.803853602218861,-0.6947322053424255,-50.0,0.0,0.0,6.363731608316656e-05,0.0,0.0,0.0,0.0,0.0,0.0,0.1882358734602846,0.23886000038842267,-2.4724101785642114,53.9824726883732,11.760031357259122,0.33298847696837136,18.255152768220306,11.69209103158244,12.245985152804964,2.976018887840848,-2.997326182156596,10.42526206753426,34.74305838780437,23.415177669264374,13.741564535118398,12.031509478825976,2079.9270075678414,74019.55365803302,74428.71561737426,46.87982096863172,273.27310136100164,6.636100818784541,337.45918453855637,0.005244021308659045,140.5822211059444,17.09408699933496,142.8507501544505,76.46753001483881,8.101574490782555,-6.464315061032678,16.88999295885521,-2.656520263528573,34.969939757739716,4148.968643265774,5642.974997651092,8.847842338178646,12.666752749534025,-3.039432776891579,622.2214168836798,5.591229730502887,-2.013545979011527,15.407772967985046,-3.220129638698658,75528.86463521597,757.390539072961,0.6304929661374145,0.008499633360470433,240.16262138429616,276.6907498502724,236.11384866517233,276.6849142222234
2025-01-29 01:00:00,-8.984897344868438,37.58648971388469,0.0015346080106406824,33042.105597433474,-9.438472729839944,-9.83342397623063,0.3176793082506754,7.141461039512299,31.74434123987876,-2.806710359453124,28.788896175904604,-2.4262250873150166,5587.867881740211,254.79565284389727,236.35730315655107,18.807100054516983,-3.1572891053252796,2999.2720916059584,270.3632614090514,251.69319561805392,-0.012817985852479815,11.62579086215735,-3.14193544723601,1441.73059218144,276.81577560720774,263.57794640552845,7.132637142805376,-1.4936732579908827,279.5188641073775,269.99539585546415,4.687407770885759,-0.4488860379172601,283.409293165099,274.1913968994814,2.021305806383363,-0.7145196680020256,-0.012574219812788109,0.010171938029580668,101231.74633268613,103.25506805416126,0.33130277496521254,0.0,0.0,0.0,0.0,0.0,0.0,0.0,0.0004801476636112497,0.0,3.0753434571278353,-0.6026825617250818,95903.46171228272,476.70417641761594,279.5550664855953,58.090219044154736,0.03152123648590839,0.0,21.78074588704983,0.04665063320772583,279.6804111592208,283.2867578226529,0.004858587238424873,272.56116218194603,60.15226342827118,5.169555009314274e-10,1.9039038234992822,-0.7023779515967385,4.694975220059733,-0.7023786077161543,-50.0,0.0,0.0,3.053739329529941e-05,0.0,0.0,0.0,0.0,0.0,0.0,0.18820202100526945,0.22572527702673975,-7.560862949251526,53.087495886131265,11.754995509518718,0.333941359195986,27.31551103041717,11.69209103158244,12.696483514868454,2.453208345209095,-3.2752651903454915,10.398116255539174,35.10840982373483,23.753319570572465,13.070787411535418,12.785604844995724,2067.300820419163,73168.53803390944,74398.79074567184,6.596992821003799,272.1976924542593,0.5830733788207801,332.07348472083265,0.006131987081271151,23.852700246333477,3.8443792874123237,144.04633725272828,79.29668061314099,8.012721786067443,-6.492969931475882,16.821289706981947,-2.609053838696541,35.003732532132794,4152.889019762842,5640.358335682241,8.87844826183469,10.140687749620632,-3.159926745579461,523.115980265219,4.829486636422186,-2.2094007740109523,12.411753250809257,-3.780011033304097,75547.05284280796,749.9661542111581,0.6304929661374145,0.0085001582560031,240.1391510749677,275.6003998263633,236.14930307042152,275.5541955351886
2025-01-29 02:00:00,-8.982442014790506,37.585156794169045,0.001469261825765127,31577.30965844523,-9.454866529563953,-9.830823512537917,0.31037712563007147,7.079920268623185,31.61631232283297,-2.8769612457031895,28.739163724961752,-2.4081932644070005,5589.189006761835,254.75781091179374,236.62315710121973,18.694166606135887,-2.950992533864222,3000.724115497641,270.33653048380444,251.69383171105045,-0.009823554543704125,11.499913748597073,-3.058300721111994,1443.5619224115426,276.7207113046274,263.4582525334447,6.94668156193674,-1.5888450802402752,279.30724324642335,270.009716481864,4.6942490154133,-0.5571620192301352,282.9866741773733,274.21568581546035,1.9476415894715855,-0.6599580984684044,-0.03273065009106857,0.00817761352093623,101256.24933640083,105.26812451670911,0.3210198090325073,0.0,0.0,0.0,0.0,0.0,0.0,0.0,0.00039367164949995827,0.0,2.992119950243521,-0.5881781966185691,95923.50747267525,476.70417641761594,278.8386459455868,58.41320159505254,0.03154448935800552,0.0,21.766936410480906,0.04668468685519864,279.09382072372216,282.6654361064848,0.004844137845965207,272.46216551667,61.39158597710091,5.133233603182129e-10,1.8200763362787507,-0.667876192352503,4.639506684111212,-0.6678767172480357,-50.0,0.0,0.0,2.0488212683470676e-05,0.0,0.0,0.0,0.0,0.0,0.0,0.18820665735501996,0.22144251265391904,-7.856231638498148,52.83679003286371,11.754995509518718,0.333941359195986,25.92294743538667,11.69223275337626,13.088177777917751,2.0125054261075688,-3.66902344760834,10.376581761392602,35.23441047145592,23.424551778582266,13.274647388303542,12.7922374249465,2042.809525624963,72777.43606944621,74446.85962876238,0.0,271.35126360726053,0.0,328.98637407092343,0.006131987081271151,0.0,0.0,143.07424647309568,80.0245456897941,7.868260085677624,-6.502855965496544,16.712211571455395,-2.441842250890862,35.47550916178908,4150.387267924001,5629.340101336332,8.921051565212235,8.390964238342464,-3.4960037078620427,467.13433423087565,3.716158541546269,-2.2103224905663152,10.362897024419714,-4.245987567324414,75459.98385421341,743.6468796797717,0.6304929661374145,0.008484936285555767,240.1486787390027,275.04893102139647,236.21068362414212,275.00913534011227
2025-01-29 03:00:00,-8.962063372212345,37.697805989163015,0.0014415808593694643,30465.65424816326,-9.444478551718744,-9.82534448893809,0.31299218797978734,7.02137897826107,31.471542720687765,-2.8163980467012117,28.634712677390564,-2.3108068831906823,5590.110012122708,254.744250124843,237.0367419093783,18.62465626121857,-2.600378753794246,3001.8894510375662,270.3029087511251,251.7276984835876,-0.02293021353519175,11.434873385685131,-2.754113682016157,1445.0906829332685,276.6226516457557,263.36400342653667,6.753229743631086,-1.5358771235395479,279.13347504249015,270.03763805140477,4.653364841037405,-0.5953593143543906,282.67066087854084,274.2423491172936,1.9007870135271103,-0.5908184322577411,-0.02377992214275703,-0.024742885201407303,101277.02298097621,106.99279860632008,0.29790813383366377,0.0,0.0,0.0,0.0,0.0,0.0,0.0,0.00014965663958730612,0.0,2.9207531704227434,-0.54022656337615,95941.49006294023,476.70417641761594,278.32792381074444,58.709231180264354,0.03157325363319565,0.0,21.44772014249864,0.0467324570727311,278.68427666873833,282.22887539203913,0.004840754705294779,272.3930647562843,62.37808456172011,5.118612512144772e-10,1.7694561741365384,-0.6188054479221875,4.576203268003042,-0.6188059728177202,-50.0,0.0,0.0,2.133576464944065e-05,0.0,0.0,0.0,0.0,0.0,0.0,0.1883155041542857,0.21719275371219246,-7.928514477406134,52.08000037792478,11.754995509518718,0.333941359195986,25.46209965561604,11.69223275337626,13.36251322080623,1.833507073754646,-3.964469821393797,10.37459090017856,36.21522921400568,24.772215809748463,13.778449469094413,12.157705387685215,2023.4684752080775,74164.89553175154,74459.66986170577,0.0,271.58183546519655,0.0,326.84212586772384,0.006131987081271151,0.0,0.0,142.18837345897234,78.59235563142046,7.824551457929934,-6.407036875522579,16.676813772998663,-2.1215512902092315,35.511743225304585,4145.102567211561,5622.826740907891,8.966090068924034,8.212720213359535,-4.510354351725148,443.57133134691645,3.267121436156169,-2.484091203748174,10.47927161296723,-4.898614328283314,75330.56067766112,740.520875357782,0.6304929661374145,0.008485986076621101,240.1290708913369,274.5957062442556,236.25100876986903,274.57882689942426
2025-01-29 04:00:00,-8.87916468518603,38.04140837869743,0.0015079245137236564,29616.12725777252,-9.405668957048324,-9.827800376717525,0.3519062368612087,6.9476155564282305,31.298474950213002,-2.7177637031931687,28.56748028084331,-2.1493304520022507,5591.275818475345,254.73863277763053,237.21098752291428,18.698911206107816,-2.2844360169207434,3003.0591083839277,270.287327459723,251.83816548057558,-0.00879181649882571,11.404466426357242,-2.504372749142618,1446.4783225116278,276.5310863940847,263.3799097454251,6.588259630537569,-1.4424263268860906,278.9726493550836,270.1930019500557,4.612812935248932,-0.6196643144507047,282.39764875893115,274.2653073880327,1.8752552394681938,-0.4955181009804514,-0.008556407547173475,-0.0026713432663656726,101297.09217480491,108.62119930679117,0.34182551973843406,0.0,0.0,0.0,0.0,0.0,0.0,0.0,0.0001400358293690598,0.0,2.895376412686205,-0.46370466385538167,95958.98385473831,476.70417641761594,277.92913203881756,58.96569865432532,0.031621176595328114,0.0,21.273098421586642,0.046785725570968245,278.35105917414484,281.87205006778004,0.0048261306328507975,272.3133113404982,63.15001845007798,5.153297440976812e-10,1.7325102636696745,-0.5420076290080479,4.53782578985333,-0.5420082195155221,-50.0,0.0,0.0,1.557726803422949e-05,0.0,0.0,0.0,0.0,0.0,0.0,0.1883790005044246,0.21383655592945616,-7.6714269442524206,52.012443173497395,11.754995509518718,0.333941359195986,25.01073148916537,11.69223275337626,13.621946512095429,1.8587769094256015,-4.672496681347995,10.444286992357691,37.67085848239054,26.317169700300397,14.177761121092875,12.096611221951552,1991.0314633317432,75333.42959478725,74512.36312692866,0.0,272.00874444463693,0.0,325.19010476506327,0.006122696430342952,0.0,0.0,141.04944148490847,76.56050444560272,7.849657851830799,-6.280499965284275,16.70851684642588,-1.8405098006405842,35.96928678769708,4139.762904687895,5621.285038745164,8.957570647001981,7.854704717393621,-5.6048948608003295,429.6232222405065,3.132730333345406,-2.575459769119451,9.650382832556751,-6.268691398694375,75112.23610220976,744.3634712601324,0.6304929661374145,0.008486510972153766,240.18491135236656,274.1680209613322,236.35433879388734,274.2033053257676
2025-01-29 05:00:00,-8.858960668790393,38.14943754819197,0.0014467167102067515,28849.357554112794,-9.400535905216465,-9.841367187520504,0.37625062921851976,6.840713154156899,31.25885374976533,-2.5112476190924133,28.544590005536538,-1.9708673772753968,5591.183394961708,254.6331128491147,237.31686385966964,18.793884646126592,-2.0309309223582446,3003.620612668379,270.24061032266314,251.83182943904887,-0.021651798561705772,11.458622090961631,-2.227654281020994,1447.2504461650472,276.4976013953701,263.2982342216032,6.512319770952923,-1.3317898170629738,278.8665422987172,270.2376730857372,4.595957423672283,-0.6636455753046018,282.20985469190356,274.304195534726,1.8703913912000671,-0.42240708465561194,-0.009012523061662784,-0.025089802582612408,101309.30379693682,109.58758097166827,0.3477866270790456,0.0,0.0,0.0,0.0,0.0,0.0,0.0,0.00011508177085055646,0.0,2.897475613175146,-0.4069826276161321,95967.73889701602,476.70417641761594,277.6087489992686,59.23235193615591,0.031674663450106846,0.0,21.114004160321993,0.04683308532019415,278.09341931133724,281.5998065210879,0.00481921362250878,272.2700005103545,63.7815190056799,5.171374297230496e-10,1.7190210602567344,-0.46986312190368695,4.505986999017754,-0.4698638108290736,-50.0,0.0,0.0,1.288614963406908e-05,0.0,0.0,0.0,0.0,0.0,0.0,0.18841895424013236,0.21055351808606293,-7.439702363237156,52.111431647316394,11.754995509518718,0.333941359195986,24.89259850058342,11.692256898570761,13.702862937703824,1.9514421242312248,-5.537053162994235,10.423326688594539,38.84828472013358,27.592414944615648,14.229449683776686,12.469905377082327,1976.9803135872796,75751.26147375532,74547.0486436437,0.0,272.2747094309555,0.0,323.861239191305,0.006117394985463019,0.0,0.0,139.11736611620873,73.74944636643691,7.94882521455715,-6.154508191023645,16.750226769110593,-1.5611918021054572,36.15633960950922,4131.230302639017,5602.139285228757,8.86566873527996,8.017228121173183,-7.070643590159468,422.5669117876217,3.0918231249025663,-3.153893596326991,10.175435833883162,-7.51513982429647,75323.66234310216,741.0432949582209,0.6304929661374145,0.0084812620168271,240.2189388266504,273.9188855178684,236.42840560851505,274.0149116739035
2025-01-29 06:00:00,-8.78839391021452,38.29750181220183,0.0014547497156378456,28216.13576108015,-9.407075545851987,-9.843661997983352,0.3823936456671711,6.761326511395175,31.23492833707191,-2.468189065110106,28.57052595369486,-1.9110529394841447,5590.435719423385,254.5412887758905,237.33316650728295,18.979275294283113,-1.8198527029686429,3003.756744186632,270.17897092469036,251.86016396842797,-0.01874641930893143,11.607769572851799,-2.0301972865241655,1447.6735549844095,276.42432088561856,263.2986976392752,6.465157635743468,-1.2034354000830418,278.7370186030798,270.2789415068764,4.55746477197788,-0.6877626198835478,282.01968709500454,274.3127030284003,1.8882091932898133,-0.36154133059470106,-0.04730017272796306,-0.022700734955061398,101318.856113537,110.32649404072602,0.3745896957233087,0.0,0.0,0.0,0.0,0.0,0.0,0.0,0.00014593670494729788,0.0,2.9241655052668616,-0.36406355945665264,95974.10013222118,476.70417641761594,277.34865934392843,59.498071218875666,0.03175623221588323,0.0,21.042763239046348,0.04687852657624816,277.87276866070493,281.36751989088094,0.004815188014955324,272.21962118811996,64.41344929325442,5.179785496191623e-10,1.7288613422033268,-0.409373172773203,4.486611086845067,-0.409373960116502,-50.0,0.0,0.0,6.287757179127425e-06,0.0,0.0,0.0,0.0,0.0,0.0,0.18842588291365311,0.20849420069170735,-6.860764636318256,52.147750219012664,11.754995509518718,0.333941359195986,24.456321080696913,11.692256898570761,13.780445961742465,1.9528923580984299,-5.638880796749427,10.42366737173922,39.87050827209115,28.796885899783796,13.840535162489285,13.086215665927089,1955.8713498132631,76474.81363525006,74622.23788160562,0.0,272.2872372701023,0.0,322.79388372319033,0.006124900991580151,0.0,0.0,138.11797919419087,71.00941190179624,8.096340803413565,-6.07700374824053,16.903263813868485,-1.3585226864961857,36.556021312858206,4121.195759264013,5585.581660360047,8.78958360562289,8.295569724235634,-7.3036441922146444,418.4315546738875,3.222279085904928,-3.6872005799045846,10.883603890735646,-7.748224409636872,75488.24134276675,738.8005349735269,0.6304929661374145,0.008481786912359767,240.2684065366771,273.6483836248187,236.51024023858025,273.7950510907749
2025-01-29 07:00:00,-8.639886529395987,38.359751063044676,0.001507578998089905,27531.15045028163,-9.385536654504838,-9.856108812943503,0.3801450588171689,6.639605556289588,31.295121124097957,-2.441895278887342,28.669970590180675,-1.8490711259074506,5589.784115461611,254.55783895968298,237.51223105952516,19.18048790133283,-1.687829271706727,3003.179877064817,270.1472591792499,251.90225110922228,-0.024349730789201093,11.808930542306335,-1.9018850683586346,1447.4169329049964,276.3341166780122,263.16416725479894,6.453644423184778,-1.0750239403868511,278.5673036472393,270.2081716934937,4.509714249572261,-0.7173396860947723,281.7829530991312,274.28511452460157,1.8679186728012778,-0.3111869343453393,-0.025072749274635205,-0.03064347433710661,101322.6425765862,110.56794856840591,0.4297581517588462,0.0,0.0,0.0,0.0,0.0,0.0,0.0,0.00020850005327689657,0.0,2.9091765364979185,-0.3441862004418294,95974.50927779099,476.70417641761594,277.08731145510427,59.76979026749201,0.03186682770461609,0.0,21.005252629595393,0.04691643558140842,277.61446245385514,281.10279309330826,0.0048057205004773925,272.1312249218168,65.1146669459111,5.209305557961329e-10,1.698588427689149,-0.360992208809212,4.437486170710995,-0.3609928321226571,-50.0,0.0,0.0,1.2820428514214961e-05,0.0,0.0,0.0,0.0,0.0,0.0,0.18842588522319348,0.2057145009214541,-6.038291129108029,51.738176334455034,11.754995509518718,0.333941359195986,24.18639355302311,11.692256898570761,14.02162916025638,1.8592071662937286,-5.393296874089634,10.434486438773549,40.39658114543753,30.562842855200742,13.912086821920267,13.12901092360093,1940.6034669420926,78091.63590007942,74697.28508283639,0.0,272.59145937229846,0.0,321.7252197687073,0.006119179630274085,0.0,0.0,136.95956677222316,68.86947212830967,8.252734370349017,-6.013709281661794,17.077565097294794,-1.180083488759405,36.7374703499636,4120.6749106759025,5584.611537938662,8.855078967908412,9.036664477852295,-7.483518017826502,411.52544488631446,3.2991789059182497,-4.542323114142208,12.095314729985864,-7.763316730887635,75430.55889301632,738.5931938895861,0.6304929661374145,0.008481786912359767,240.27764844548423,273.3176045166543,236.55355496162315,273.48354547590293
2025-01-29 08:00:00,-8.542507844563735,38.394261054693594,0.0014311965613043867,26886.43696188366,-9.387574856664152,-9.86671337580788,0.3700933749785449,6.5506623905748755,31.32921370957099,-2.506404372983955,28.762330455433517,-1.9103175351331212,5588.701958539369,254.47892070920278,237.43708644174103,19.387762233662922,-1.734080047461493,3002.5272096825056,270.14873392888927,251.96629234313295,-0.010429953541115403,11.989217393385987,-1.9343346109927335,1446.650256650413,276.33413180786,263.15280598700946,6.4641254298798705,-0.9898759686508067,278.4719651512338,270.30208386289826,4.471045447242378,-0.7830315874513701,281.61553886540395,274.32670145940773,1.8604343870380518,-0.29026551556128777,-0.014812162128930067,-0.019270886230258105,101314.25573960143,109.83315421560013,0.47366897646945816,0.0,0.0,0.0,0.0,0.0,0.0,0.0,0.00014582857646756853,0.0,2.9050421777567883,-0.36535867212288914,95966.15431088828,476.70417641761594,276.8347148744259,60.03066833373489,0.03198445679348668,0.0,21.018850573264658,0.046955488858829865,277.40466459284164,280.89535281415544,0.004819226445706644,272.1056968830893,65.84603995189858,5.248242287578717e-10,1.6866658829348877,-0.33756566085750034,4.382654214172922,-0.3375664810067701,-50.0,0.0,0.0,1.4738597090714022e-05,0.0,0.0,0.0,0.0,0.0,0.0,0.18840276095050185,0.20166769808638838,-5.66049442009804,50.908065072348975,11.754995509518718,0.333941359195986,24.946400292681748,11.692144570926772,14.066773797844885,1.9335680141259888,-5.360444187595564,10.451644039888743,41.015991992193754,31.231646371580897,14.663593403322905,13.31087147880393,1925.4738804886988,78799.62168399946,74654.7768380398,0.0,272.93008255032044,0.0,320.6977091272692,0.006133561767869149,0.0,0.0,136.19239048448384,66.88597589364777,8.360799874779499,-6.036142689399873,17.27039229931295,-1.1651179286745017,36.82978530198027,4116.542324163934,5577.54074895244,8.717366851062467,10.322730443573468,-7.8539861354094,405.4818299023779,3.7449096943480824,-5.424405332728654,13.96783230217606,-7.953315266429099,75501.78789916336,735.3379791836929,0.6304929661374145,0.008489660345349767,240.3465696617601,273.0334400751236,236.63008121457023,273.2207318266369
2025-01-29 09:00:00,-8.475722892688783,38.47007969488873,0.001510365731460296,26313.467822066712,-9.394451119365968,-9.87265991729746,0.3532985222616069,6.5454621480629225,31.41557987439683,-2.5745768275576384,28.821788019930988,-2.1246086139519362,5586.573112335316,254.46696479152854,237.55060810759886,19.556754890235627,-1.9076167317116544,3000.5841110580755,270.1190727033691,251.94241598415806,-0.01981972628616336,12.130150041742583,-2.0663882067591146,1444.9546030864697,276.25040444680104,263.09861702124664,6.495068642887247,-0.9553446042825529,278.3034198979205,270.2552615294484,4.397878831501307,-0.8718075007804144,281.4142652642225,274.3120424201649,1.8577936999228253,-0.30062373181387647,-0.032752498237386365,-0.012264780105068703,101300.38311652523,108.64032415933637,0.5087132986482366,0.0,0.0,0.0,0.0,0.0,0.0,0.0,0.00016958692296265736,0.0,2.897772082285987,-0.41476027424260403,95950.53009199844,476.70417641761594,276.6098746977198,60.30069233720759,0.03210481533912713,0.0,21.086701719190337,0.04699628688900192,277.19153974409477,280.69074933641696,0.0048054499168303025,272.0423957912693,66.50422010759308,5.31713516217435e-10,1.6885218693162125,-0.34152694315532955,4.3987219241223645,-0.34152743524489143,-50.0,0.0,0.0,3.112089236439718e-05,0.0,0.0,0.0,0.0,0.0,0.0,0.18838269781606715,0.20183089335644977,-5.149036213067694,51.61458285764676,11.754995509518718,0.333941359195986,24.504511739551035,11.692206508599625,14.230749692542444,2.0323307303763873,-5.740231300465425,10.393725658499934,41.47212516028997,32.40173509467278,14.529980195691552,13.182032720937716,1911.199686182915,79530.66837271629,74675.86519842889,0.0,272.66937234566893,0.0,319.78014138714826,0.006105269898658419,0.0,0.0,134.62717510147542,64.85197053656395,8.42162052189203,-6.1553718011495695,17.44749145701797,-1.2504400888083624,37.039934052125275,4112.962636361298,5575.487079434016,8.75602629936577,10.758012136634507,-8.571386054890425,402.5848660426895,3.9235132727708866,-5.608013790055434,14.783268010084292,-8.694155445712417,75391.85829290326,733.5929057219387,0.6304929661374145,0.008476013061500434,240.3603714083103,272.64951919740787,236.6766460516242,272.82490718532256
2025-01-29 10:00:00,-8.429672462563138,38.846575240362796,0.001492169694526547,25735.30793783767,-9.410970073868548,-9.890042292145306,0.3515173548834443,6.459272924082389,31.469850341880637,-2.6185888344621024,28.85165044541914,-2.3275549847281503,5587.2528806369355,254.4769697483957,237.57672837580972,19.666330875403975,-2.086324904065176,3001.029792851813,270.1634861906071,252.09162301791565,-0.010473747357378296,12.205074863114579,-2.202111892549581,1445.063105971517,276.2701963920349,263.2644307488274,6.4964457662080175,-0.9601991644893488,278.17697552003443,270.57004231997206,4.212779132968176,-0.9087089562890364,281.28575099915975,274.400023072726,1.847821735044247,-0.3075542685298571,-0.033204830953530995,-0.029067601678318043,101301.22248327026,108.71369276322316,0.5472151733126315,0.0,0.0,0.0,0.0,0.0,0.0,0.0,0.00022589299164733743,0.0,2.8512220149916008,-0.4533825857558703,95953.46636285713,476.70417641761594,276.40803818385126,60.571528039132005,0.032235829264080716,0.0,21.19662324205925,0.04703952253402767,277.0424684825888,280.5358590406828,0.004819940366618534,272.05403017196926,67.0853552046804,5.394078443537777e-10,1.6916738039579202,-0.3425328801403982,4.364261124169559,-0.34253337222996005,-50.0,0.0,0.0,2.9763365546172182e-05,0.0,0.0,0.0,0.0,0.0,0.0,0.18836511423563926,0.19860083321916855,-4.599034927073639,51.330984950720186,11.754995509518718,0.333941359195986,24.119002215584043,11.692206508599625,14.319076593281023,2.3179709008414604,-5.179163117060627,10.566713436735034,41.99222892163887,33.33374432653541,14.203821134498707,13.289194343095865,1885.6794416201078,79923.69509256826,74641.58605583524,0.0,273.1170578450624,0.0,318.95978954784755,0.006113615737627819,0.0,0.0,131.6314409274694,61.94066759363218,8.416313295759672,-6.287782050484413,17.63194680589901,-1.3577312112126805,37.42349043981522,4119.309373951849,5581.514580810554,8.644410203759197,13.48692301514691,-8.872609428908412,399.8779953117867,4.868294262734359,-6.529996467453065,18.090472043801483,-8.655954073740475,75291.00465529849,732.9595636228499,0.6307302189181798,0.008326417834690451,240.39252164619762,272.481839088243,236.70904914683464,272.62776937670395
2025-01-29 11:00:00,-8.351737056469837,39.64605559378545,0.001806319931175698,25430.991196977022,-9.342340770315689,-9.878599667951086,0.3979026027469883,6.382428708943911,31.38777710309733,-2.705651544369873,28.81183488200489,-2.5639620222643127,5586.18717691501,254.3063678005353,237.93765899830225,19.737444549505234,-2.237347137368981,3000.8458679155424,270.1341032091765,252.1295356317327,-0.022753263244412576,12.22077952023555,-2.3833785420090545,1445.3290855254422,276.1707545987119,263.24289370022115,6.458667218376199,-0.9356601041023704,278.0062283320119,270.5270279424732,4.1374870207762875,-0.9472766684530834,281.12272522224373,274.34372129089905,1.8486215805457387,-0.32445790007175707,-0.016110625005068106,-0.020997704184599,101310.4454536436,109.4489468727837,0.5549685364495331,0.0,0.0,0.0,0.0,0.0,0.0,0.0,0.0004072669686915562,0.0,2.8425028461289705,-0.511902636235437,95960.94532635642,476.70417641761594,276.27386909880374,60.84386630700825,0.03236505854422324,0.0,21.287367181746653,0.04706773461911743,276.8857425641359,280.36987042413534,0.0048048489166943546,271.9757397123965,67.61063853016654,5.458728230613904e-10,1.6839710360016713,-0.3415398028576041,4.336185183914538,-0.34154072142478625,-50.0,0.0,0.0,4.502845301213927e-05,0.0,0.0,0.0,0.0,0.0,0.0,0.18835027654121136,0.19686586452131363,-3.7393977663595503,50.65266927749705,11.754995509518718,0.333941359195986,22.3861330998598,11.692082633253916,14.318521988661207,2.7683269112364917,-5.063753286502154,10.686620877924808,41.400273260614306,34.30648965089723,14.134923346880887,11.394613836981096,1865.387806546539,82260.90414315266,74695.1811440728,0.0,273.16009702169026,0.0,318.41421683194125,0.006096976549242288,0.0,0.0,129.7679940749792,60.84593633752043,8.352461648677503,-6.4216416474284745,17.786504711743348,-1.418169634462787,38.32207589884423,4104.846449685351,5562.065437676267,8.477587275692455,16.395867812408635,-8.901497054548718,400.3929577052073,6.083352885691925,-6.37246639487576,19.676449144708975,-8.741354052009799,75286.02743838908,737.2669455961527,0.6307296940226471,0.008332191685549783,240.12739733973032,271.75952138241644,236.51286008129222,271.8170913788557
2025-01-29 12:00:00,-8.381751501594895,39.483055427393566,0.001846555273336724,25233.196650536625,-9.379690204032142,-9.87465734163508,0.37457670455887515,6.4493903039507625,31.371420806142353,-2.7187538638281312,28.724877863363936,-2.7175838721103087,5588.035114468008,254.34945468771147,237.94219349406413,19.698104839258285,-2.451702609480872,3002.509840421332,270.14037293630054,251.977345551051,-0.02411787426850818,12.150318979408356,-2.5042260231707854,1446.862340236806,276.1704906340619,263.1989158321121,6.455730244557756,-0.860799045164273,277.9149739317393,270.53697388039774,3.98537087895605,-0.9117794084390242,281.0205170540925,274.3264245693494,1.7974243539882488,-0.3039268627895722,-0.02238627749061277,-0.007489919215708482,101329.96831205669,111.06242143953133,0.5468462701710792,0.0,0.0,0.0,0.0,0.0,0.0,0.0,0.0005327091275658862,0.0,2.752697492296053,-0.4881718187113535,95981.08832364639,476.70417641761594,276.0996895204432,61.11348519610884,0.03252740873247702,0.0,21.396505035585292,0.047108584089051685,276.7732318093984,280.23828929620896,0.004794931582491794,271.918694642798,67.75300773013652,5.541595671921399e-10,1.6382346214823034,-0.3265543802461095,4.384994812895972,-0.3265550363655253,-50.0,0.0,0.0,6.401597572043226e-05,0.0,0.0,0.0,0.0,0.0,0.0,0.1882982104736605,0.19807790604474945,-4.2011221216697345,50.94888304855126,11.754995509518718,0.333941359195986,24.559945956755957,11.692082633253916,14.457020241546426,2.7938610318081443,-5.072102799740282,10.6906496283074,42.59965377890666,35.3308710483896,13.623391129580435,11.47946267494112,1865.468575749587,81675.92726487886,74689.65798331986,2.299884071572655,273.23300075952386,0.19657796981955666,317.72455376080615,0.0060956643104106215,21.801572167099444,1.2520910210845289,129.81857825746232,60.32550929301296,8.263651611653486,-6.470900297243133,17.863675151271273,-1.6251794478773243,38.43723850360682,4106.732551553927,5578.643612205081,8.520763135117035,16.90658591673792,-9.032974987153182,397.6980333834295,6.38132820615377,-6.344076895095953,20.11401780760584,-8.670530947578158,75253.27227748497,746.3849226907615,0.6307302189181798,0.008333766372147782,240.32794036856407,271.96479510715886,236.72167875787437,272.0030196602817
2025-01-29 13:00:00,-8.284185363445541,39.123468026775974,0.0021760256484953085,24789.08852415648,-9.322139279979803,-9.854754844916991,0.3938666481903439,6.453975067405259,31.26253614535231,-2.7004615793626905,28.546013251469752,-2.74032173985918,5589.787865478301,254.3570986244584,237.6867685018982,19.619811913679275,-2.5373303890574923,3004.352750396001,270.1258430779683,251.83087712692912,-0.024179511409266354,12.057985070147396,-2.6289244545706145,1448.9556452214415,276.09704471572456,263.0076323808197,6.435422277335253,-0.795030265336812,277.7608773988144,270.3738073746532,3.8913221986564004,-0.8436531964511464,280.8349576693413,274.2907624343802,1.7586928220684184,-0.30730518691347886,-0.026650145952377247,-0.015781581084238615,101360.53632670757,113.55207670033607,0.5804085498133734,0.0,0.0,0.0,0.0,0.0,0.0,0.0,0.0007088871637322382,0.0,2.6940777745240347,-0.4768375632939915,96009.90644262025,476.70417641761594,276.0508885342706,61.35812514664269,0.032708182753927395,0.0,21.55620502629464,0.04714737596849787,276.66843931315844,280.1067717672062,0.0048221985091917085,271.9321424851347,68.53518269776357,5.624723419421451e-10,1.6055757559775055,-0.32813377162258645,4.388381633350101,-0.32813432932408987,-50.0,0.0,0.0,5.109715238924574e-05,0.0,0.0,0.0,0.0,0.0,0.0,0.1882510917039736,0.19959095416034825,-3.0216818597678596,50.8660051933164,11.754995509518718,0.333941359195986,20.234817265493735,11.692082633253916,14.561119728146107,2.8248489219433104,-4.825918921486651,10.622817677660652,44.50950664543989,37.0195549830695,13.8811463298517,12.228819284241954,1869.237862103553,82456.36122254729,74709.6994920586,30.022813429557186,273.7654603517535,3.111721520874308,317.53582634397446,0.0060956643104106215,109.30406200905864,11.514854648553573,128.81434077582708,60.37854678472617,8.164836773691773,-6.5181399572174925,17.877692960521816,-1.7140875055679292,38.08588130747278,4104.12835060502,5582.989427029285,8.558144830225164,18.238277376845073,-8.666804714191757,395.0874182969852,6.3786848322512615,-6.759114417253106,22.309682065526907,-8.140426876540896,75006.95796269148,749.1605424480392,0.6307296940226471,0.008334816163213117,240.45346428740154,271.85953443705483,236.86485242635692,271.90629464757063
2025-01-29 14:00:00,-8.268353169135512,39.10312984708219,0.0022924772917070186,24639.657274710902,-9.272826296058927,-9.843829439658272,0.41485311979533274,6.648424794577242,31.052298866903516,-2.541713964198504,28.376622760882878,-2.67683448189387,5591.548701257903,254.30562214747405,237.38344939079994,19.464586901772773,-2.5409232507367583,3006.4157095128708,270.0897578334131,251.82817588329414,-0.008746156979131635,11.895752054165447,-2.6873441639568485,1451.42270449769,275.9937968636785,262.91141541640377,6.372745698754454,-0.6780066490766526,277.5848535401385,270.2429505046886,3.7585173921826596,-0.6982867299765388,280.69109745440505,274.2671690357456,1.7419667841526667,-0.2635884924370706,-0.03700540640556915,-0.001880179863342158,101398.76405683359,116.67174656543729,0.5676028047267893,0.0,0.0,0.0,0.0,0.0,0.0,0.0,0.0006544827915624093,0.0,2.5832236000781803,-0.39925154004175484,96044.2539686039,476.70417641761594,276.45106935924065,61.56174456378819,0.03288622731860791,0.0,21.573051548415577,0.047186325316603855,276.8587064765553,280.2672770976523,0.004863885812126242,272.0415385003144,69.08951773123354,5.646120008965217e-10,1.6338869928911006,-0.2983134570350823,4.459435277571481,-0.2983139163186734,-50.0,0.0,0.0,4.494535155140748e-05,0.0,0.0,0.0,0.0,0.0,0.0,0.18823285672818965,0.2130373762361946,1.7820518271351045,52.44565572836866,11.754995509518718,0.333941359195986,6.937633487495151,11.691989201849102,14.466237144652286,2.749853317943397,-4.417175946557236,10.619576909254352,45.4189926099958,38.13046016016662,13.766176886645136,12.159771901397324,1864.6164545831011,82894.84502440451,74736.18860756238,87.3258207135325,274.49633990345075,10.599462257649172,319.26058343835814,0.0060956643104106215,208.68274894089203,29.35024478503166,126.6712867971452,59.11636692507274,7.960878980771774,-6.4888747787101355,17.89567251241351,-1.8842864837870024,38.248528586598056,4100.5665354952735,5582.320500162456,8.603192782056551,20.35103438538145,-8.65947087380934,406.243834552629,6.426809879163799,-7.096942431032664,26.12987700122983,-7.967400313152675,74701.27134946967,754.7187940420158,0.6307302189181798,0.008344789178333782,240.60475024264213,272.13988690698346,237.01773074269715,272.14053690711256
2025-01-29 15:00:00,-8.29403096017565,39.188403220549034,0.002473581787384766,25028.755719392946,-9.263288648976637,-9.825595093748966,0.4339423893034689,6.858791161308795,30.749219357801092,-2.199404390382749,28.20087434168441,-2.4653960295619113,5593.700343591643,254.2748972469708,237.3024777821223,19.29381606764343,-2.482715386620738,3008.921841087853,270.04598819244154,251.73793161134785,-0.02295841955108281,11.73853833639389,-2.6180582826867003,1454.1319686030517,275.9659511761903,262.91687485000944,6.351974148936048,-0.5461778591945585,277.5070529661526,270.28944998959815,3.6350116161443564,-0.4656919987811605,280.7752501830635,274.42027956228793,1.7832972565111425,-0.25222984558620015,-0.011814599673304194,-0.005909982314947414,101435.02268283555,119.65249383283918,0.5231630821550741,0.0,0.0,0.0,0.0,0.0,0.0,0.0,0.0007096235921645695,0.0,2.522517125286733,-0.3060032548422216,96077.82109503876,476.70417641761594,277.6387454595854,61.5534558859423,0.03299430330878397,0.0,21.475348018860547,0.04721282624225714,277.5461384643956,280.93678589045635,0.004957943081378229,272.350212481633,68.95844507046986,5.614500344069022e-10,1.7372327308463222,-0.2993291550288879,4.6199951138548405,-0.2993298767602453,-50.0,0.0,0.0,2.943230763497296e-05,0.0,0.0,0.0,0.0,0.0,0.0,0.188223521251183,0.23707560752721188,13.70416152925164,56.510625197820005,11.754995509518718,0.333941359195986,-15.920186484884846,11.691989201849102,14.030662192457148,2.892305346428427,-4.312152223903637,10.68952364787539,45.28056873480755,38.67992237844863,13.124183984282528,11.20818406616623,1855.2963388991138,84670.68239516318,74729.46511570534,175.1455761542059,275.14948867301683,24.309136830292353,324.34599712442935,0.006088578220719622,362.54034005881977,54.726317527154166,123.33268718693262,56.90677367186996,7.8004228890493525,-6.378237309384456,17.873074529328097,-2.0389553048885842,37.51821991128216,4098.065948924515,5575.832339968538,8.58885148133393,22.64465464760876,-7.8397777382356475,437.48756412490957,8.04289551272058,-7.8201907365386605,28.14433682336373,-7.164282328709529,74741.72987721118,755.5883916203578,0.6307296940226471,0.008344789178333782,240.68345393607586,272.9762015096558,237.1120237652354,272.88303169822046
2025-01-29 16:00:00,-8.36741706388136,39.17825620255929,0.002534529297306603,26502.582381041615,-9.292752347464045,-9.819488426315953,0.3971316296274134,7.02291083095986,30.674091868806418,-1.7867484245671943,28.01780175808885,-2.1467786035445307,5596.1191461789485,254.26629884393083,237.1540003778477,19.206218297299774,-2.3700396762797706,3011.3577725618575,270.03041458054395,251.78644990343227,-0.00595124670731557,11.654439326551968,-2.564480120905016,1456.4659086831352,276.041161414542,262.9488716770695,6.409451408415404,-0.44484272494973054,277.62649655362816,270.4692879254379,3.6152841285530233,-0.18013077911543673,281.22406087206326,274.6470754280337,1.8610114488172784,-0.20673236826119748,-0.028717608767761416,-0.013850290081429713,101462.55285461812,121.91404411523283,0.4708320801452491,0.0,0.0,0.0,0.0,0.0,0.0,0.0,0.001112278828706117,0.0,2.5630523219790065,-0.1754050507456686,96103.81746547893,476.70417641761594,279.6195492549147,61.30998052112678,0.03300280661641317,0.0,20.805401280010248,0.047198656162457275,278.7097593733866,282.1067448702027,0.005055553977369655,272.7706233300601,67.43638476102294,5.509047235873882e-10,1.8387003969146736,-0.2727352509195603,4.745756112771202,-0.27273561178523903,-50.0,0.0,0.0,2.535755621237484e-05,0.0,0.0,0.0,0.0,0.0,0.0,0.18830609655663283,0.25730131260625855,32.8810675955218,61.81280703108064,11.754995509518718,0.333941359195986,-40.370019856798,11.691989201849102,13.266393930947894,2.9626992437830064,-4.663841154014322,10.723146482915473,46.61612657540833,40.079978332312415,12.903722611607225,10.788108071791012,1860.2780908452169,84508.46602170951,74711.87985561174,274.9938647060769,277.90853952542096,41.030845945260744,332.8251460843456,0.005855524604215647,474.12773070339676,81.03857515008075,120.94543081063291,56.0494797497928,7.672135896989409,-6.252695111818804,17.78238824401591,-2.097197458702715,36.79646703314873,4097.371575122262,5582.73088973467,8.553073552036306,22.760273386589233,-7.190723941167609,497.68005432098334,8.540335859655531,-7.708735468923297,28.608890365594988,-6.544305119673557,74975.23726590315,763.2308459058936,0.6307296940226471,0.008345314073866449,240.86492612869867,274.53957227818404,237.29416048609505,274.44462995894486
2025-01-29 17:00:00,-8.399272087997685,39.1545773777374,0.0028321536306236653,28501.308564562936,-9.280594093822977,-9.807793196146637,0.40697752161126133,7.1104656216913815,30.766584499294442,-1.3625551380663494,28.031728925957854,-1.745144023889387,5597.474163824296,254.27020764259274,237.11497267729382,19.20615967684338,-2.3320313621337876,3012.5136168379863,270.0416313715108,251.71762248462178,-0.00015722761530655556,11.609197432068092,-2.5184746125564264,1457.2692687581507,276.2285074193665,262.97754386640423,6.469533344924139,-0.36506039657621486,277.9265346790054,270.6302792892602,3.650474136616801,0.10353730156622493,281.8780634576263,274.7979198319735,1.9755775203877364,-0.09981217118748476,-0.012883716654636576,-0.016048803981102,101467.66778521905,122.31810645175368,0.4571923416691993,0.0,0.0,0.0,0.0,0.0,0.0,0.0,0.0014904744583209327,0.0,2.672858622753788,-0.04387789855271149,96107.66186859661,476.70417641761594,281.6673987177845,60.85524535979227,0.032915096572904576,0.0,19.720604406707956,0.04714501551328747,279.88615421301694,283.3103811293281,0.0051273186551546585,273.09847549628864,65.35304657240593,5.402008565245304e-10,1.9625656498687816,-0.16718288569083525,4.837102299656968,-0.16718364022816348,-50.0,0.0,0.0,3.9701533902215114e-05,0.0,0.0,0.0,0.0,0.0,0.0,0.18852440365306294,0.2717636699855811,54.25033107785723,65.82266299449752,11.754995509518718,0.333941359195986,-56.3482650365511,11.691912567101333,12.487789250244472,3.1970424236316366,-4.376275036860789,10.803570968985065,46.10535650642131,39.70329492672721,12.379402364444417,10.479249042459324,1877.8444673032823,84044.73082995934,74656.28832721568,361.49964643036924,279.4277282363878,55.48517141980951,341.7985405991514,0.00623119233694514,532.6166792904042,99.43816231974431,118.51852225110898,54.60147815830955,7.649277131874648,-6.15736133402233,17.645345771854423,-2.1783491045517396,36.20245535632271,4101.279249147438,5589.793238400727,8.467247306104902,27.495030551544478,-7.352532962127213,570.5428160370166,10.599136756806976,-7.371821823161645,35.44152375073551,-6.695553767411441,75558.50805793377,758.4890357196659,0.6307307438137125,0.008329042312353784,240.97440069855776,276.3106195946811,237.40298362047665,276.2820411248699
2025-01-29 18:00:00,-8.38997156247228,39.320916404612575,0.0029393005557069004,30486.33833401307,-9.285541627890009,-9.797391899077287,0.41775310200137417,7.278547535764957,31.03222672364852,-1.0225792730357373,28.21830365104993,-1.2634724418610266,5595.978580320425,254.2323879576869,237.12257551696953,19.27514413343594,-2.3118060796620417,3011.621173980077,269.9925374577895,251.77231558214055,-0.0021140687004350027,11.645090942318697,-2.434012275484208,1456.1582977982903,276.40785601697286,263.0840173224065,6.569401858001722,-0.2290637243505867,278.35370638154035,270.79925585044856,3.778461664045281,0.3486351755180407,282.5708057088574,274.88718737835103,2.1612050452702647,0.04410063470241424,0.003343131083736412,-0.0009783536017095092,101447.88757892461,120.65506276385887,0.4574171281810638,0.0,0.0,0.0,0.0,0.0,0.0,0.0,0.0019006346511885475,0.0,2.8753786305453937,0.10433640982440498,96087.15794264046,476.70417641761594,283.2361302705322,60.3237641728355,0.032773847185063994,0.0,18.75877480984347,0.04703773841411213,280.864742688793,284.3319785829933,0.005182184772675618,273.29510426517686,63.38737174833779,5.377428967199806e-10,2.157042752281548,-0.020858233204325276,4.966608690284676,-0.020858790905828734,-50.0,0.0,0.0,4.7000825660672886e-05,0.0,0.0,0.0,0.0,0.0,0.0,0.1887747775099061,0.28586239548673825,71.63447744812589,68.99679866214626,11.754995509518718,0.333941359195986,-59.81503731219894,11.691911517310267,11.751569883803876,3.5948558138216544,-4.601586969153464,10.919894861213507,45.854430197030034,39.341856586992776,12.11881062871462,9.724797797118429,1912.1852538319497,83204.75393302568,74614.41305394194,409.67680386910996,281.3052324736069,63.4936024877085,348.919501248464,0.007177526492789773,553.890020213727,108.62681334347432,117.81999495050498,53.12627789754144,7.712419840244062,-6.059329782890517,17.57086820149658,-2.21699199579171,35.859088644882455,4090.6950561664466,5585.39033593839,8.287406233974284,29.985407904191867,-7.105519748931969,645.2845706299352,12.720580786408984,-7.161221137963017,37.65555935229991,-6.5110314669622875,76157.78658902412,755.0939867442883,0.6307338931869084,0.008328517416821116,241.01580155396516,277.71659921829314,237.45208385087844,277.7294285914868
2025-01-29 19:00:00,-8.404875610256669,39.102540651846766,0.00301954301545135,32307.303396441523,-9.264381579893561,-9.788202717016746,0.4247404457202905,7.424355321874882,31.311211844803584,-0.7521316951454062,28.5122769753698,-0.9161820562374045,5594.800223006173,254.22569119843672,237.02993421115542,19.438783093382693,-2.2855721688111523,3010.408226512325,269.99809324454174,251.81339859778086,-0.003440287100048237,11.654282287890863,-2.3628901159355906,1454.4260855116672,276.6459131153879,263.09637312855784,6.6695646046476496,-0.14468098930557186,278.8478358100131,270.8564310971186,3.940180201862493,0.5100703784559357,283.22622257090603,274.96804935973415,2.341058555961414,0.1727276743044178,-0.024368853527284944,-0.013992611651702192,101417.66789334752,118.10763952365025,0.43287868850652,0.0,0.0,0.0,0.0,0.0,0.0,0.0,0.0017447879185845036,0.0,3.0922008403197583,0.2320722312038958,96059.0018324103,476.70417641761594,284.12095757528255,59.7950928566442,0.032633962525608344,0.0,17.97644216359839,0.04686186324266813,281.60218309573946,285.11337751143236,0.00521944934259459,273.4138058970306,61.6935461469781,5.445737402113546e-10,2.3388980281265326,0.10165763951534224,5.071031217023163,0.10165704900786798,-50.0,0.0,0.0,5.360785369691797e-05,0.0,0.0,0.0,0.0,0.0,0.0,0.18899115372562977,0.29552108741557714,77.48838537410091,69.71949897671615,11.754995509518718,0.333941359195986,-54.99747787696554,11.691911517310267,11.153790401865272,3.639666722830489,-5.007751132330887,10.928280266986471,43.30503464048068,36.77977430541886,12.226399515836361,8.37780668202511,1962.5779582818761,82515.84951967049,74502.10304644119,421.3536942410037,281.9006090887761,65.73439826219777,353.0690198640654,0.007030923170515988,571.206372651683,106.6588002672768,115.88166125236924,51.11133795346381,7.800760232627749,-6.001687593052926,17.589605432859308,-2.2482028124415137,35.566112429473726,4091.5448462869676,5586.618323788108,8.203458589154295,32.97792131920944,-6.97512939987119,710.0448262167297,14.888257614528268,-7.367202742474179,41.91286104283095,-6.449006136553672,76559.21645694466,751.3542997604902,0.6307307438137125,0.008327992521288451,241.09925146503954,278.5899585421623,237.54474684457446,278.6319337411769
2025-01-29 20:00:00,-8.455180613928313,38.943968084252035,0.003207036959469141,33713.45664179187,-9.28182871372775,-9.787599841691508,0.4193786706600719,7.588411190364916,31.696789485411188,-0.6426538944782758,28.908788095287314,-0.7960412086443754,5592.961523461285,254.2290208862873,237.1198696338126,19.573973535157663,-2.4053860804589475,3008.2803235859114,270.0351588015132,251.80577445736293,0.0065892985638662735,11.746889901943437,-2.380053702805488,1451.6645684616178,276.86063088373226,263.27322275701687,6.788410507410702,-0.1434806012920008,279.27515486386574,270.95720429063533,4.145460042390185,0.5216664507073677,283.7676372000155,275.0315364680483,2.506945077162108,0.20308589251411174,0.00679428684555845,0.009908435217725334,101375.24211541298,114.56465355145266,0.38140638278216676,0.0,0.0,0.0,0.0,0.0,0.0,0.0,0.001568189441096486,0.0,3.2987888297167482,0.2435930486547582,96021.08889578252,476.70417641761594,284.462977913679,59.306477945726854,0.03249890690505322,0.0,17.509194857493487,0.0466361455661287,282.095571995442,285.65487235814857,0.005253365063268283,273.4721881957935,60.49279853827093,5.526129142147486e-10,2.49455184007388,0.12314527477838606,5.16008683977248,0.12314465146494102,-50.0,0.0,0.0,5.304809460297165e-05,0.0,0.0,0.0,0.0,0.0,0.0,0.1891286861707349,0.3005751595288748,72.80027042617843,68.13395753910078,11.754995509518718,0.333941359195986,-45.126691410242074,11.69195140937075,10.691049743824736,3.701659772163845,-5.210827964964273,10.957578491968972,43.402298307579336,36.559280914116066,12.063192173177733,8.26797596608335,2003.022844633879,82368.19610465602,74412.47660934282,385.8300271213522,282.7040264211415,61.55212687636531,354.72810356379375,0.00770814338676245,554.3586637419487,101.24707058427697,115.6728068946078,50.43246400135214,7.917267520571241,-6.047147163062161,17.586417107628844,-2.370426535498322,35.66525207320613,4096.6401174506245,5584.126786416334,8.114530420583044,33.19411529120417,-6.788977298793108,752.280068468862,17.16043589424615,-7.1688982600237985,42.84326461925915,-6.238239059471189,76819.10152581883,742.8378702678699,0.6307344180824411,0.008307521595514452,241.16675023004512,278.8453277349124,237.62120664779826,278.8615367436513
2025-01-29 21:00:00,-8.376007274527188,38.692713767642395,0.002955466960188249,34795.1192588895,-9.252699668948388,-9.774942248369019,0.43363283216307874,7.670265967032707,32.01441144022497,-0.6380681256871774,29.218664493798094,-0.8479123386080184,5591.590545687567,254.2092375366022,237.0009434561255,19.66338078159699,-2.698797154194093,3007.2199349970297,270.0785249738399,251.8273755488307,-0.00600345787011325,11.754745905469958,-2.5119662663351665,1449.7922417665477,277.0917367192536,263.3336331565353,6.872035912114777,-0.23847427266776713,279.64449441662373,270.9424566032841,4.267383465871635,0.44602863092027245,284.1633596355278,275.0256413364703,2.5533985789051075,0.15876877061124978,-0.030882742261645644,0.011465902969147729,101342.51391419323,111.83267541332143,0.3945836882939373,0.0,0.0,0.0,0.0,0.0,0.0,0.0,0.0014748955589113876,0.0,3.3664700326959496,0.18893325741385664,95992.64899028471,476.70417641761594,284.25200571832937,58.89882827570243,0.0324115642884175,0.0,17.249236145776088,0.04643190976415918,282.3362085184944,285.92842249630394,0.005268915214149505,273.45760026054495,59.55915583151064,5.709850137076471e-10,2.521999851162354,0.08217911245023304,5.185053904368573,0.082178489136788,-50.0,0.0,0.0,2.1524506585076905e-05,0.0,0.0,0.0,0.0,0.0,0.0,0.18921092606793932,0.2979041078849282,55.89503349095946,65.02438822113429,11.754995509518718,0.333941359195986,-30.423511960532053,11.692056388477283,10.375201310559165,3.7087253384395176,-6.083817418238335,10.978336918506452,41.82192079221433,35.343142056152274,11.687783213945844,6.601420577269609,2057.772304517196,82566.41002736233,74280.55052093258,308.29158114806205,283.0346003786596,50.75019814806358,353.7981194743827,0.006098971152266421,514.305810436078,84.03085356936836,116.97437953411323,51.58145496842491,7.901178125098485,-6.232905175754398,17.65330258648328,-2.5879729777359715,35.848536145093725,4093.352077352805,5577.930478636489,7.972316589690737,38.30882858539079,-7.11248616244152,775.7478052300886,19.704410329734124,-8.038939899986405,48.41224875219209,-6.514926716710207,77117.51886080873,744.4221771511925,0.6307365176645718,0.008310146073177786,241.2439407913351,278.6619776027934,237.69583879209603,278.75185742762096
2025-01-29 22:00:00,-8.371956491671744,38.59125870473629,0.003009220209947716,35056.27074321533,-9.281982770566588,-9.769832160716714,0.4116882949870902,7.659082202452117,32.34735276328373,-0.7426012194895796,29.548449155505295,-1.0404963587768956,5593.139430694532,254.21762502650787,237.03322373145863,19.629611320649722,-2.995717841007628,3008.4912592465985,270.0948189726027,251.7895582691648,-0.005486637074683298,11.697068956613549,-2.6419721601127932,1450.6983978898916,277.2274359639381,263.43597646734537,6.942776363593965,-0.3337980583725413,279.88130219274893,270.96805250528695,4.347129419692457,0.36318313588475054,284.40590571690655,275.0899023775536,2.447995162018465,0.11681966238022036,-0.028797805237493798,0.01382504886122311,101346.80268232115,112.14773534392371,0.41860825524200046,0.0,0.0,0.0,0.0,0.0,0.0,0.0,0.0016851041471471141,0.0,3.3018205373915093,0.15832069270902738,95999.1642718308,476.70417641761594,283.5392059557928,58.762197338674675,0.03242836094546283,0.0,17.113353289861486,0.046299649737211054,282.2681662501008,285.85688063871396,0.005279763188131483,273.4989628814743,59.26075686786437,6.028066164131686e-10,2.39080384584451,0.04151511979144974,5.060077864980245,0.04151443086606312,-50.0,0.0,0.0,2.1121712251219202e-05,0.0,0.0,0.0,0.0,0.0,0.0,0.18923580338673093,0.27986258759850324,32.187355161638955,59.45401468972638,11.754995509518718,0.333941359195986,-11.625339016902162,11.692056388477283,10.239658639439286,3.7094275961726715,-6.554908009433422,11.024180857081092,40.82995851750605,33.48211024800789,11.862782334745827,7.004491006177496,2085.1964514993933,80661.16799306277,74184.38414794496,204.13433394168726,282.43377319578974,35.10010046500495,350.47871053274514,0.006528178229327909,403.8835639986752,60.73670038070673,118.5984591166743,54.6678827971263,7.823475660734184,-6.35832665670737,17.659809746386454,-2.86226374635527,36.63408902543171,4100.183781672853,5579.464590809814,7.950611319582121,38.1198242019882,-7.3122467050995175,786.0245517264206,20.15245065850769,-8.53770350855921,48.57615263122257,-6.700599063271432,77425.57154562313,741.187781901707,0.6307559387992805,0.00827550296802179,241.22440615749957,278.2211035668712,237.6802015346439,278.3161808195491
2025-01-29 23:00:00,-8.388040045329978,38.788719155170135,0.0036050079232980655,34656.57271561527,-9.320587524755386,-9.734196970198006,0.4188773298144337,7.4058350311237575,32.46261260328683,-0.834537168700994,29.703402238789987,-1.260949433315642,5596.039343266313,254.1936448874462,237.16232723350916,19.54099627268895,-3.216603727884693,3011.238662428085,270.2020326842511,251.72725923854185,0.001321104645773554,11.623472588329173,-2.794306687133791,1452.61272018723,277.4198921785723,263.7265816368216,7.042406961595217,-0.6244895369660182,280.04672320451454,270.95828644898774,4.414359997087658,0.15259445319024528,284.5008067324607,275.089638393409,2.263419556003063,-0.03747070587514311,-0.01803121667659231,-0.010054547920739024,101360.05532766342,113.24058589729235,0.39582847804965615,0.0,0.0,0.0,0.0,0.0,0.0,0.0,0.0019778882507908865,0.0,3.234306227647445,0.020750961334066072,96015.07988647559,476.70417641761594,282.4161982735239,58.89210782823948,0.03258756176052062,0.0,17.078186863859422,0.046242711169409506,281.83234236106694,285.4016914019172,0.005302623984261533,273.5395674548366,59.5427792483601,6.014401243792457e-10,2.1511356513378512,-0.11625329948726333,4.846794871780216,-0.11625372596488362,-50.0,0.0,0.0,3.934490937941077e-05,0.0,0.0,0.0,0.0,0.0,0.0,0.18920779874035568,0.24612210854734637,12.734501015935303,52.45137236561494,11.754995509518718,0.333941359195986,7.558380193382012,11.691988152058036,10.229169547030903,3.789670738281314,-6.559627345167628,11.167044147257219,38.789006692942934,31.915170583174685,11.178132747130002,5.639173688456655,2108.266849337796,81350.18617881073,74043.47363266026,109.01116568275002,281.51488399021383,19.017452842073105,345.1965468536206,0.006576731066099571,254.28606124166137,34.1848467383779,121.0132515126177,58.525351561905396,7.791351092785288,-6.584398126890081,17.70474063093242,-2.9317786357525293,36.945563084307146,4102.801162748584,5580.317299349497,7.729474563824935,42.503221546331744,-6.968751919149291,744.6277145174205,23.19622537124549,-8.194091670905198,51.785957049898144,-6.642090008036151,77900.0772646224,734.1145574002135,0.6307569885903458,0.00827550296802179,241.11524906853228,277.3797070692861,237.6249737537161,277.4588322891204
